Student ID,Program,Start Date,Term Code,Status,Tuition,Term Expected,Total Expected,Credits,Price per Credit,Semester Price,Overall Enrollment Credits,Overall Price,Remaining Need,Link
000002347,AASDF_ONL,2024-08-26,01/2025JAN RA,C,No Tuition,7474.0,38141.0,9.0,454.0,4086.0,64.0,29056.0,-9085.0,https://mediatechcloud.com/index.php?name=000002347
101082400,AASDF_ONL,2024-05-06,01/2025JAN RA,C,7264.0,8894.0,34055.0,16.0,454.0,7264.0,64.0,29056.0,-4999.0,https://mediatechcloud.com/index.php?name=101082400
101082400,AASDF,2024-05-06,01/2025JAN RA,X,7264.0,8894.0,34055.0,16.0,550.0,8800.0,64.0,35200.0,1145.0,https://mediatechcloud.com/index.php?name=101082400
102202381,AASDF,2024-08-26,01/2025JAN RA,C,8800.0,8399.0,35200.0,16.0,550.0,8800.0,64.0,35200.0,0.0,https://mediatechcloud.com/index.php?name=102202381
103741480,AASDF_ONL,2025-01-06,01/2025JAN RA,C,5448.0,6810.0,34055.0,12.0,454.0,5448.0,64.0,29056.0,-4999.0,https://mediatechcloud.com/index.php?name=103741480
106672135,AASRA,2025-01-06,01/2025JAN RA,C,8800.0,8800.0,35200.0,16.0,550.0,8800.0,64.0,35200.0,0.0,https://mediatechcloud.com/index.php?name=106672135
107280784,AASDF_ONL,2025-01-06,01/2025JAN RA,C,5448.0,9760.0,34055.0,12.0,454.0,5448.0,64.0,29056.0,-4999.0,https://mediatechcloud.com/index.php?name=107280784
108242160,AASDF,2024-05-06,01/2025JAN RA,C,9350.0,8893.0,26400.0,17.0,550.0,9350.0,64.0,35200.0,8800.0,https://mediatechcloud.com/index.php?name=108242160
108242160,AASDF,2024-01-08,01/2025JAN RA,X,9350.0,8893.0,31101.0,17.0,550.0,9350.0,64.0,35200.0,4099.0,https://mediatechcloud.com/index.php?name=108242160
110480279,AASRA,2024-08-26,01/2025JAN RA,C,8800.0,8800.0,35200.0,16.0,550.0,8800.0,64.0,35200.0,0.0,https://mediatechcloud.com/index.php?name=110480279
118737028,AASRA-ONL,2024-05-06,01/2025JAN RA,C,4540.0,7264.0,32055.0,10.0,454.0,4540.0,64.0,29056.0,-2999.0,https://mediatechcloud.com/index.php?name=118737028
121001571,AASRA,2024-05-06,01/2025JAN RA,C,8800.0,5196.0,35200.0,16.0,550.0,8800.0,64.0,35200.0,0.0,https://mediatechcloud.com/index.php?name=121001571
122869661,AASRA-ONL,2024-08-26,01/2025JAN RA,C,7264.0,8399.0,32055.0,16.0,454.0,7264.0,64.0,29056.0,-2999.0,https://mediatechcloud.com/index.php?name=122869661
125124933,AASRA,2025-01-06,01/2025JAN RA,C,8800.0,8800.0,35200.0,16.0,550.0,8800.0,64.0,35200.0,0.0,https://mediatechcloud.com/index.php?name=125124933
125751749,AASRA,2024-05-06,01/2025JAN RA,C,8800.0,8893.0,34953.63,16.0,550.0,8800.0,64.0,35200.0,246.37000000000262,https://mediatechcloud.com/index.php?name=125751749
126037521,AASRA,2023-08-28,01/2025JAN RA,C,3850.0,0.0,35200.0,7.0,550.0,3850.0,64.0,35200.0,0.0,https://mediatechcloud.com/index.php?name=126037521
134009283,AASRA,2024-05-06,01/2025JAN RA,C,8800.0,17788.0,70400.0,16.0,550.0,8800.0,64.0,35200.0,-35200.0,https://mediatechcloud.com/index.php?name=134009283
136941692,AASDF_ONL,2025-01-06,01/2025JAN RA,C,6810.0,8398.0,34055.0,15.0,454.0,6810.0,64.0,29056.0,-4999.0,https://mediatechcloud.com/index.php?name=136941692
146140018,AASRA,2024-01-08,01/2025JAN RA,C,10450.0,8722.0,36692.0,19.0,550.0,10450.0,64.0,35200.0,-1492.0,https://mediatechcloud.com/index.php?name=146140018
147992280,AASRA,2024-08-26,01/2025JAN RA,C,8800.0,5430.0,35200.0,16.0,550.0,8800.0,64.0,35200.0,0.0,https://mediatechcloud.com/index.php?name=147992280
148758839,AASRA,2024-05-06,01/2025JAN RA,C,8800.0,7742.93,34785.93,16.0,550.0,8800.0,64.0,35200.0,414.0699999999997,https://mediatechcloud.com/index.php?name=148758839
157361317,AASDF_ONL,2025-01-06,01/2025JAN RA,C,5448.0,8853.0,25550.0,12.0,454.0,5448.0,64.0,29056.0,3506.0,https://mediatechcloud.com/index.php?name=157361317
159683574,BPD_ONL,2025-01-06,01/2025JAN RA,C,7392.0,10094.0,27388.0,16.0,462.0,7392.0,54.0,24948.0,-2440.0,https://mediatechcloud.com/index.php?name=159683574
162640468,AASRA,2025-01-06,01/2025JAN RA,C,8800.0,8800.0,35200.0,16.0,550.0,8800.0,64.0,35200.0,0.0,https://mediatechcloud.com/index.php?name=162640468
168434297,AASRA,2024-08-26,01/2025JAN RA,C,8800.0,8800.0,35200.0,16.0,550.0,8800.0,64.0,35200.0,0.0,https://mediatechcloud.com/index.php?name=168434297
168826584,AASDF,2024-08-26,01/2025JAN RA,C,8800.0,8800.0,35200.0,16.0,550.0,8800.0,64.0,35200.0,0.0,https://mediatechcloud.com/index.php?name=168826584
171674846,AASRA,2025-01-06,01/2025JAN RA,C,8250.0,0.0,0.0,15.0,550.0,8250.0,64.0,35200.0,35200.0,https://mediatechcloud.com/index.php?name=171674846
171674846,AASRA,2023-08-28,01/2025JAN RA,X,8250.0,0.0,26399.0,15.0,550.0,8250.0,64.0,35200.0,8801.0,https://mediatechcloud.com/index.php?name=171674846
173062723,AASRA,2024-01-08,01/2025JAN RA,C,10450.0,2228.0,36850.0,19.0,550.0,10450.0,64.0,35200.0,-1650.0,https://mediatechcloud.com/index.php?name=173062723
177077253,AASDF,2024-08-26,01/2025JAN RA,C,8800.0,8399.0,35200.0,16.0,550.0,8800.0,64.0,35200.0,0.0,https://mediatechcloud.com/index.php?name=177077253
178364978,AASRA,2024-08-26,01/2025JAN RA,C,8800.0,8800.0,35200.0,16.0,550.0,8800.0,64.0,35200.0,0.0,https://mediatechcloud.com/index.php?name=178364978
182464240,AASRA,2025-01-06,01/2025JAN RA,C,8800.0,9014.0,35200.0,16.0,550.0,8800.0,64.0,35200.0,0.0,https://mediatechcloud.com/index.php?name=182464240
189143000,AASDF,2024-01-08,01/2025JAN RA,C,8800.0,12498.0,35200.0,16.0,550.0,8800.0,64.0,35200.0,0.0,https://mediatechcloud.com/index.php?name=189143000
189319615,AASRA,2024-08-26,01/2025JAN RA,C,8800.0,8399.0,35200.0,16.0,550.0,8800.0,64.0,35200.0,0.0,https://mediatechcloud.com/index.php?name=189319615
192630859,AASRA,2024-01-08,01/2025JAN RA,C,8800.0,8894.0,35200.0,16.0,550.0,8800.0,64.0,35200.0,0.0,https://mediatechcloud.com/index.php?name=192630859
197259319,DFVP,2024-05-06,01/2025JAN RA,C,9900.0,9900.0,29700.0,18.0,550.0,9900.0,54.0,29700.0,0.0,https://mediatechcloud.com/index.php?name=197259319
200610529,AASDF_ONL,2025-01-06,01/2025JAN RA,C,6810.0,8398.0,34055.0,15.0,454.0,6810.0,64.0,29056.0,-4999.0,https://mediatechcloud.com/index.php?name=200610529
202803817,DFVP_ONL,2025-01-06,01/2025JAN RA,C,8172.0,13171.0,29515.0,18.0,454.0,8172.0,54.0,24516.0,-4999.0,https://mediatechcloud.com/index.php?name=202803817
208140204,AASRA-ONL,2025-01-06,01/2025JAN RA,C,6810.0,8398.0,32055.0,15.0,454.0,6810.0,64.0,29056.0,-2999.0,https://mediatechcloud.com/index.php?name=208140204
213680555,AASRA,2025-01-06,01/2025JAN RA,C,8800.0,6253.0,28344.0,16.0,550.0,8800.0,64.0,35200.0,6856.0,https://mediatechcloud.com/index.php?name=213680555
222299636,AASRA,2024-05-06,01/2025JAN RA,C,No Tuition,5744.48,35200.0,16.0,550.0,8800.0,64.0,35200.0,0.0,https://mediatechcloud.com/index.php?name=222299636
223360560,AASRA-ONL,2025-01-06,01/2025JAN RA,C,6810.0,8398.0,32055.0,15.0,454.0,6810.0,64.0,29056.0,-2999.0,https://mediatechcloud.com/index.php?name=223360560
229161048,RA15,2025-01-06,01/2025JAN RA,C,5448.0,0.0,0.0,12.0,550.0,6600.0,54.0,29700.0,29700.0,https://mediatechcloud.com/index.php?name=229161048
229161048,RA15,2024-01-08,01/2025JAN RA,X,5448.0,0.0,23100.0,12.0,550.0,6600.0,54.0,29700.0,6600.0,https://mediatechcloud.com/index.php?name=229161048
229352571,AASRA-ONL,2024-08-26,01/2025JAN RA,C,5448.0,8399.0,33417.0,12.0,454.0,5448.0,64.0,29056.0,-4361.0,https://mediatechcloud.com/index.php?name=229352571
230267933,DFVP_ONL,2025-01-06,01/2025JAN RA,C,8172.0,23574.0,29513.0,18.0,454.0,8172.0,54.0,24516.0,-4997.0,https://mediatechcloud.com/index.php?name=230267933
232235216,AASRA,2025-01-06,01/2025JAN RA,C,8800.0,24107.0,35200.0,16.0,550.0,8800.0,64.0,35200.0,0.0,https://mediatechcloud.com/index.php?name=232235216
233804982,AASRA-ONL,2024-05-06,01/2025JAN RA,C,7264.0,7264.0,32509.0,16.0,454.0,7264.0,64.0,29056.0,-3453.0,https://mediatechcloud.com/index.php?name=233804982
233804982,AASRA-ONL,2024-05-06,01/2025JAN RA,X,7264.0,7264.0,32509.0,16.0,454.0,7264.0,64.0,29056.0,-3453.0,https://mediatechcloud.com/index.php?name=233804982
237013208,AVE,2024-05-06,01/2025JAN RA,C,9900.0,8925.0,29700.0,18.0,550.0,9900.0,54.0,29700.0,0.0,https://mediatechcloud.com/index.php?name=237013208
260962654,AASRA,2024-05-06,01/2025JAN RA,C,8800.0,9208.0,35200.0,16.0,550.0,8800.0,64.0,35200.0,0.0,https://mediatechcloud.com/index.php?name=260962654
268021045,AASDF,2024-08-26,01/2025JAN RA,C,8800.0,10399.0,35112.0,16.0,550.0,8800.0,64.0,35200.0,88.0,https://mediatechcloud.com/index.php?name=268021045
268930067,AASRA-ONL,2025-01-06,01/2025JAN RA,C,6810.0,8398.0,32055.0,15.0,454.0,6810.0,64.0,29056.0,-2999.0,https://mediatechcloud.com/index.php?name=268930067
272071414,AASRA,2023-08-28,01/2025JAN RA,C,2200.0,2200.0,37400.0,4.0,550.0,2200.0,64.0,35200.0,-2200.0,https://mediatechcloud.com/index.php?name=272071414
272865315,AASDF,2024-08-26,01/2025JAN RA,C,8800.0,8399.0,35200.0,16.0,550.0,8800.0,64.0,35200.0,0.0,https://mediatechcloud.com/index.php?name=272865315
275007145,AASDF_ONL,2024-08-26,01/2025JAN RA,C,6810.0,8399.0,45703.75,15.0,454.0,6810.0,64.0,29056.0,-16647.75,https://mediatechcloud.com/index.php?name=275007145
276695395,AASRA,2024-08-26,01/2025JAN RA,C,8800.0,0.0,35200.0,16.0,550.0,8800.0,64.0,35200.0,0.0,https://mediatechcloud.com/index.php?name=276695395
276973508,AASRA,2024-05-06,01/2025JAN RA,C,8800.0,8893.0,35200.0,16.0,550.0,8800.0,64.0,35200.0,0.0,https://mediatechcloud.com/index.php?name=276973508
277709147,AASRA,2024-08-26,01/2025JAN RA,C,8800.0,8399.0,35200.0,16.0,550.0,8800.0,64.0,35200.0,0.0,https://mediatechcloud.com/index.php?name=277709147
283986090,AASRA,2024-05-06,01/2025JAN RA,C,8800.0,8893.0,35200.0,16.0,550.0,8800.0,64.0,35200.0,0.0,https://mediatechcloud.com/index.php?name=283986090
304821440,AASRA,2024-01-08,01/2025JAN RA,C,8800.0,8800.0,35200.0,16.0,550.0,8800.0,64.0,35200.0,0.0,https://mediatechcloud.com/index.php?name=304821440
307357900,AASRA,2025-01-06,01/2025JAN RA,C,9299.0,8800.0,35200.0,16.0,550.0,8800.0,64.0,35200.0,0.0,https://mediatechcloud.com/index.php?name=307357900
308847738,AASRA-ONL,2024-05-06,01/2025JAN RA,C,No Tuition,-3638.0,32055.0,13.0,454.0,5902.0,64.0,29056.0,-2999.0,https://mediatechcloud.com/index.php?name=308847738
308847738,AASRA-ONL,2024-05-06,01/2025JAN RA,X,No Tuition,-3638.0,32055.0,13.0,454.0,5902.0,64.0,29056.0,-2999.0,https://mediatechcloud.com/index.php?name=308847738
309993710,AASRA-ONL,2024-08-26,01/2025JAN RA,C,10442.0,10442.0,20740.08,23.0,454.0,10442.0,64.0,29056.0,8315.919999999998,https://mediatechcloud.com/index.php?name=309993710
312540675,AASRA,2024-08-26,01/2025JAN RA,C,8800.0,8553.0,35200.0,16.0,550.0,8800.0,64.0,35200.0,0.0,https://mediatechcloud.com/index.php?name=312540675
316894289,AASRA,2024-08-26,01/2025JAN RA,C,8800.0,8399.0,35200.0,16.0,550.0,8800.0,64.0,35200.0,0.0,https://mediatechcloud.com/index.php?name=316894289
318219986,AASDF,2025-01-06,01/2025JAN RA,C,8800.0,8800.0,35200.0,16.0,550.0,8800.0,64.0,35200.0,0.0,https://mediatechcloud.com/index.php?name=318219986
330226590,RA,2024-05-06,01/2025JAN RA,C,9900.0,9900.0,29700.0,18.0,550.0,9900.0,54.0,29700.0,0.0,https://mediatechcloud.com/index.php?name=330226590
330504456,AASRA,2024-08-26,01/2025JAN RA,C,8800.0,8799.0,35198.0,16.0,550.0,8800.0,64.0,35200.0,2.0,https://mediatechcloud.com/index.php?name=330504456
335025992,AASRA,2025-01-06,01/2025JAN RA,C,8800.0,6263.0,26044.0,16.0,550.0,8800.0,64.0,35200.0,9156.0,https://mediatechcloud.com/index.php?name=335025992
336250065,AASRA-ONL,2025-01-06,01/2025JAN RA,C,6810.0,8398.0,32055.0,15.0,454.0,6810.0,64.0,29056.0,-2999.0,https://mediatechcloud.com/index.php?name=336250065
345184414,AASRA,2024-08-26,01/2025JAN RA,C,8800.0,5925.0,35202.0,16.0,550.0,8800.0,64.0,35200.0,-2.0,https://mediatechcloud.com/index.php?name=345184414
348691354,AASDF_ONL,2024-05-06,01/2025JAN RA,X,No Tuition,8893.0,52564.6,0.0,454.0,0.0,64.0,29056.0,-23508.6,https://mediatechcloud.com/index.php?name=348691354
349827797,AASRA-ONL,2024-05-06,01/2025JAN RA,W,7264.0,8398.0,40969.0,16.0,454.0,7264.0,64.0,29056.0,-11913.0,https://mediatechcloud.com/index.php?name=349827797
349827797,AASRA-ONL,2024-05-06,01/2025JAN RA,X,7264.0,8398.0,40969.0,16.0,454.0,7264.0,64.0,29056.0,-11913.0,https://mediatechcloud.com/index.php?name=349827797
350922848,AASDF_ONL,2024-08-26,01/2025JAN RA,C,7264.0,8399.0,34055.0,16.0,454.0,7264.0,64.0,29056.0,-4999.0,https://mediatechcloud.com/index.php?name=350922848
352523691,AASRA,2024-08-26,01/2025JAN RA,C,8800.0,7871.0,35201.0,16.0,550.0,8800.0,64.0,35200.0,-1.0,https://mediatechcloud.com/index.php?name=352523691
361714954,AASRA,2025-01-06,01/2025JAN RA,C,8800.0,20628.0,35198.0,16.0,550.0,8800.0,64.0,35200.0,2.0,https://mediatechcloud.com/index.php?name=361714954
370632346,AASRA,2024-05-06,01/2025JAN RA,C,8800.0,8893.0,35200.0,16.0,550.0,8800.0,64.0,35200.0,0.0,https://mediatechcloud.com/index.php?name=370632346
371429696,AASDF_ONL,2024-05-06,01/2025JAN RA,C,No Tuition,0.0,34055.0,10.0,454.0,4540.0,64.0,29056.0,-4999.0,https://mediatechcloud.com/index.php?name=371429696
371429696,AASDF,2024-05-06,01/2025JAN RA,X,No Tuition,0.0,34055.0,10.0,550.0,5500.0,64.0,35200.0,1145.0,https://mediatechcloud.com/index.php?name=371429696
375712255,AASDF,2024-08-26,01/2025JAN RA,C,8800.0,8399.0,35200.0,16.0,550.0,8800.0,64.0,35200.0,0.0,https://mediatechcloud.com/index.php?name=375712255
377438179,AASRA,2024-01-08,01/2025JAN RA,C,8800.0,0.0,35200.0,16.0,550.0,8800.0,64.0,35200.0,0.0,https://mediatechcloud.com/index.php?name=377438179
378353254,AASRA-ONL,2024-08-26,01/2025JAN RA,C,7264.0,8399.0,32055.0,16.0,454.0,7264.0,64.0,29056.0,-2999.0,https://mediatechcloud.com/index.php?name=378353254
383031220,AASRA-ONL,2025-01-06,01/2025JAN RA,C,6810.0,8398.0,32055.0,15.0,454.0,6810.0,64.0,29056.0,-2999.0,https://mediatechcloud.com/index.php?name=383031220
384902769,AASRA,2024-08-26,01/2025JAN RA,C,8800.0,10267.0,35200.0,16.0,550.0,8800.0,64.0,35200.0,0.0,https://mediatechcloud.com/index.php?name=384902769
386857655,AASDF,2025-01-06,01/2025JAN RA,C,8800.0,9014.0,35200.0,16.0,550.0,8800.0,64.0,35200.0,0.0,https://mediatechcloud.com/index.php?name=386857655
399085058,AASRA-ONL,2024-05-06,01/2025JAN RA,X,No Tuition,9398.0,36090.0,0.0,454.0,0.0,64.0,29056.0,-7034.0,https://mediatechcloud.com/index.php?name=399085058
409899387,AASRA,2025-01-06,01/2025JAN RA,C,8250.0,0.0,0.0,15.0,550.0,8250.0,64.0,35200.0,35200.0,https://mediatechcloud.com/index.php?name=409899387
409899387,AASRA,2024-01-08,01/2025JAN RA,X,8250.0,0.0,22506.84,15.0,550.0,8250.0,64.0,35200.0,12693.16,https://mediatechcloud.com/index.php?name=409899387
412274480,AASRA,2024-08-26,01/2025JAN RA,C,8800.0,8800.0,35200.0,16.0,550.0,8800.0,64.0,35200.0,0.0,https://mediatechcloud.com/index.php?name=412274480
415374278,AASRA-ONL,2024-08-26,01/2025JAN RA,C,7264.0,8399.0,32055.0,16.0,454.0,7264.0,64.0,29056.0,-2999.0,https://mediatechcloud.com/index.php?name=415374278
416734350,AASRA-ONL,2024-08-26,01/2025JAN RA,C,4540.0,8894.0,22484.0,13.0,454.0,5902.0,64.0,29056.0,6572.0,https://mediatechcloud.com/index.php?name=416734350
419499193,AASRA,2025-01-06,01/2025JAN RA,C,8800.0,8762.0,35162.0,16.0,550.0,8800.0,64.0,35200.0,38.0,https://mediatechcloud.com/index.php?name=419499193
421794584,AASDF_ONL,2024-08-26,01/2025JAN RA,C,7264.0,8399.0,34055.0,16.0,454.0,7264.0,64.0,29056.0,-4999.0,https://mediatechcloud.com/index.php?name=421794584
428892600,AASDF_ONL,2024-08-26,01/2025JAN RA,C,4540.0,12263.0,34055.0,10.0,454.0,4540.0,64.0,29056.0,-4999.0,https://mediatechcloud.com/index.php?name=428892600
431071804,AASRA,2025-01-06,01/2025JAN RA,C,8800.0,8800.0,35200.0,16.0,550.0,8800.0,64.0,35200.0,0.0,https://mediatechcloud.com/index.php?name=431071804
442573443,BPD_ONL,2025-01-06,01/2025JAN RA,C,7392.0,10094.0,27388.0,16.0,462.0,7392.0,54.0,24948.0,-2440.0,https://mediatechcloud.com/index.php?name=442573443
443554451,AASRA,2024-01-08,01/2025JAN RA,C,8800.0,0.0,35200.0,16.0,550.0,8800.0,64.0,35200.0,0.0,https://mediatechcloud.com/index.php?name=443554451
445725892,AASDF_ONL,2024-08-26,01/2025JAN RA,C,7264.0,6420.0,34055.0,16.0,454.0,7264.0,64.0,29056.0,-4999.0,https://mediatechcloud.com/index.php?name=445725892
448320113,AASDF,2024-08-26,01/2025JAN RA,C,8800.0,8399.0,35200.0,16.0,550.0,8800.0,64.0,35200.0,0.0,https://mediatechcloud.com/index.php?name=448320113
449024881,AASRA,2021-05-03,01/2025JAN RA,X,No Tuition,0.0,31161.0,0.0,550.0,0.0,64.0,35200.0,4039.0,https://mediatechcloud.com/index.php?name=449024881
449024881,AASRA,2021-11-15,01/2025JAN RA,X,No Tuition,0.0,15900.0,0.0,550.0,0.0,64.0,35200.0,19300.0,https://mediatechcloud.com/index.php?name=449024881
450338013,AASRA,2024-08-26,01/2025JAN RA,C,8800.0,2721.0,35198.0,16.0,550.0,8800.0,64.0,35200.0,2.0,https://mediatechcloud.com/index.php?name=450338013
452676183,AASDF_ONL,2024-08-26,01/2025JAN RA,C,7264.0,12263.0,34055.0,16.0,454.0,7264.0,64.0,29056.0,-4999.0,https://mediatechcloud.com/index.php?name=452676183
463781444,AASRA-ONL,2025-01-06,01/2025JAN RA,C,6810.0,8398.0,32055.0,15.0,454.0,6810.0,64.0,29056.0,-2999.0,https://mediatechcloud.com/index.php?name=463781444
465958996,AASRA,2023-08-28,01/2025JAN RA,C,8800.0,8800.0,35200.0,16.0,550.0,8800.0,64.0,35200.0,0.0,https://mediatechcloud.com/index.php?name=465958996
466363190,AASRA,2024-01-08,01/2025JAN RA,C,3850.0,3850.0,36850.0,7.0,550.0,3850.0,64.0,35200.0,-1650.0,https://mediatechcloud.com/index.php?name=466363190
467354805,PROD1351,2025-01-06,01/2025JAN RA,C,No Tuition,0.0,0.0,4.0,0.0,0.0,4.0,0.0,0.0,https://mediatechcloud.com/index.php?name=467354805
467524033,AASRA,2023-08-28,01/2025JAN RA,C,1650.0,1650.0,36850.0,3.0,550.0,1650.0,64.0,35200.0,-1650.0,https://mediatechcloud.com/index.php?name=467524033
468143989,AASDF,2024-08-26,01/2025JAN RA,C,8800.0,8800.0,35200.0,16.0,550.0,8800.0,64.0,35200.0,0.0,https://mediatechcloud.com/index.php?name=468143989
471848470,DFVP,2025-01-06,01/2025JAN RA,C,9900.0,9900.0,29700.0,18.0,550.0,9900.0,54.0,29700.0,0.0,https://mediatechcloud.com/index.php?name=471848470
475139863,AVE,2025-01-06,01/2025JAN RA,C,9900.0,54400.0,56400.0,18.0,550.0,9900.0,54.0,29700.0,-26700.0,https://mediatechcloud.com/index.php?name=475139863
475972289,AASDF_ONL,2025-01-06,01/2025JAN RA,C,6810.0,8398.0,34584.0,31.0,454.0,14074.0,64.0,29056.0,-5528.0,https://mediatechcloud.com/index.php?name=475972289
480088949,AASRA,2024-05-06,01/2025JAN RA,C,8800.0,8801.0,35200.0,16.0,550.0,8800.0,64.0,35200.0,0.0,https://mediatechcloud.com/index.php?name=480088949
503559300,AASRA,2025-01-06,01/2025JAN RA,C,8800.0,9014.0,35200.0,16.0,550.0,8800.0,64.0,35200.0,0.0,https://mediatechcloud.com/index.php?name=503559300
509459377,AASDF,2024-01-08,01/2025JAN RA,C,7150.0,9050.32,42604.65,13.0,550.0,7150.0,64.0,35200.0,-7404.6500000000015,https://mediatechcloud.com/index.php?name=509459377
512041900,AVE,2025-01-06,01/2025JAN RA,C,9900.0,9900.0,29700.0,18.0,550.0,9900.0,54.0,29700.0,0.0,https://mediatechcloud.com/index.php?name=512041900
512812150,AASRA,2024-08-26,01/2025JAN RA,C,8800.0,3698.0,35200.0,16.0,550.0,8800.0,64.0,35200.0,0.0,https://mediatechcloud.com/index.php?name=512812150
514763046,AASRA-ONL,2024-05-06,01/2025JAN RA,C,8626.0,7914.0,33204.46,19.0,454.0,8626.0,64.0,29056.0,-4148.459999999999,https://mediatechcloud.com/index.php?name=514763046
514763046,AASRA,2024-05-06,01/2025JAN RA,X,8626.0,7914.0,33204.46,19.0,550.0,10450.0,64.0,35200.0,1995.5400000000009,https://mediatechcloud.com/index.php?name=514763046
526907440,AASRA,2023-08-28,01/2025JAN RA,C,3300.0,3300.0,40700.0,6.0,550.0,3300.0,64.0,35200.0,-5500.0,https://mediatechcloud.com/index.php?name=526907440
533481994,AASDF_ONL,2025-01-06,01/2025JAN RA,C,6810.0,8398.0,34055.0,15.0,454.0,6810.0,64.0,29056.0,-4999.0,https://mediatechcloud.com/index.php?name=533481994
534354250,AASRA,2024-01-08,01/2025JAN RA,C,7150.0,10544.0,35200.0,13.0,550.0,7150.0,64.0,35200.0,0.0,https://mediatechcloud.com/index.php?name=534354250
537884785,AASRA,2025-01-06,01/2025JAN RA,C,8800.0,0.0,0.0,16.0,550.0,8800.0,64.0,35200.0,35200.0,https://mediatechcloud.com/index.php?name=537884785
545497695,AASRA,2025-01-06,01/2025JAN RA,C,8800.0,8398.0,35200.0,16.0,550.0,8800.0,64.0,35200.0,0.0,https://mediatechcloud.com/index.php?name=545497695
562894874,AUDI1411,2025-01-06,01/2025JAN RA,C,2200.0,0.0,0.0,4.0,0.0,0.0,3.0,0.0,0.0,https://mediatechcloud.com/index.php?name=562894874
563483110,AASRA,2024-05-06,01/2025JAN RA,C,8800.0,10282.0,35200.0,16.0,550.0,8800.0,64.0,35200.0,0.0,https://mediatechcloud.com/index.php?name=563483110
569377261,BPD_ONL,2025-01-06,01/2025JAN RA,C,7392.0,12074.0,27388.0,16.0,462.0,7392.0,54.0,24948.0,-2440.0,https://mediatechcloud.com/index.php?name=569377261
583540016,RA,2025-01-06,01/2025JAN RA,C,8250.0,10591.0,10591.0,15.0,550.0,8250.0,54.0,29700.0,19109.0,https://mediatechcloud.com/index.php?name=583540016
586493296,AASRA,2024-01-08,01/2025JAN RA,C,8800.0,8207.6,35200.0,16.0,550.0,8800.0,64.0,35200.0,0.0,https://mediatechcloud.com/index.php?name=586493296
593645459,AASDF,2024-01-08,01/2025JAN RA,C,7150.0,8565.0,35200.0,13.0,550.0,7150.0,64.0,35200.0,0.0,https://mediatechcloud.com/index.php?name=593645459
594396640,AASDF,2025-01-06,01/2025JAN RA,C,8800.0,8799.0,35198.0,16.0,550.0,8800.0,64.0,35200.0,2.0,https://mediatechcloud.com/index.php?name=594396640
596751523,AASDF,2024-08-26,01/2025JAN RA,C,8800.0,13814.4,35200.0,16.0,550.0,8800.0,64.0,35200.0,0.0,https://mediatechcloud.com/index.php?name=596751523
612699088,AASRA-ONL,2024-08-26,01/2025JAN RA,C,5902.0,9761.0,32055.0,13.0,454.0,5902.0,64.0,29056.0,-2999.0,https://mediatechcloud.com/index.php?name=612699088
614266593,AASRA,2025-01-06,01/2025JAN RA,C,8800.0,8800.0,35200.0,16.0,550.0,8800.0,64.0,35200.0,0.0,https://mediatechcloud.com/index.php?name=614266593
615404288,AASRA,2025-01-06,01/2025JAN RA,C,8250.0,0.0,0.0,15.0,550.0,8250.0,64.0,35200.0,35200.0,https://mediatechcloud.com/index.php?name=615404288
615404288,AASRA,2024-01-08,01/2025JAN RA,X,8250.0,0.0,24863.0,15.0,550.0,8250.0,64.0,35200.0,10337.0,https://mediatechcloud.com/index.php?name=615404288
620698873,AASRA,2025-01-06,01/2025JAN RA,C,8800.0,8398.0,35215.0,16.0,550.0,8800.0,64.0,35200.0,-15.0,https://mediatechcloud.com/index.php?name=620698873
626424840,AASRA-ONL,2025-01-06,01/2025JAN RA,C,6810.0,8940.0,32055.0,15.0,454.0,6810.0,64.0,29056.0,-2999.0,https://mediatechcloud.com/index.php?name=626424840
633444192,AASRA,2024-05-06,01/2025JAN RA,C,8800.0,9493.0,34969.0,16.0,550.0,8800.0,64.0,35200.0,231.0,https://mediatechcloud.com/index.php?name=633444192
638197700,AASDF_ONL,2024-08-26,01/2025JAN RA,C,7264.0,9764.0,34055.0,16.0,454.0,7264.0,64.0,29056.0,-4999.0,https://mediatechcloud.com/index.php?name=638197700
660185988,AASRA,2025-01-06,01/2025JAN RA,C,4950.0,11160.0,11160.0,9.0,550.0,4950.0,64.0,35200.0,24040.0,https://mediatechcloud.com/index.php?name=660185988
660185988,AASRA,2024-01-08,01/2025JAN RA,X,4950.0,11160.0,36850.0,9.0,550.0,4950.0,64.0,35200.0,-1650.0,https://mediatechcloud.com/index.php?name=660185988
660275785,AASRA,2025-01-06,01/2025JAN RA,C,8250.0,0.0,0.0,15.0,550.0,8250.0,64.0,35200.0,35200.0,https://mediatechcloud.com/index.php?name=660275785
660275785,AASRA,2023-08-28,01/2025JAN RA,X,8250.0,0.0,27444.33,15.0,550.0,8250.0,64.0,35200.0,7755.669999999998,https://mediatechcloud.com/index.php?name=660275785
661055279,AASRA-ONL,2025-01-06,01/2025JAN RA,C,6810.0,8398.0,32055.0,15.0,454.0,6810.0,64.0,29056.0,-2999.0,https://mediatechcloud.com/index.php?name=661055279
661339392,AASRA,2021-01-11,01/2025JAN RA,X,No Tuition,0.0,52725.25,0.0,550.0,0.0,64.0,35200.0,-17525.25,https://mediatechcloud.com/index.php?name=661339392
661339392,AASRA,2021-08-30,01/2025JAN RA,X,No Tuition,0.0,37797.25,0.0,550.0,0.0,64.0,35200.0,-2597.25,https://mediatechcloud.com/index.php?name=661339392
665652060,AASRA,2024-08-26,01/2025JAN RA,C,8800.0,8420.0,31277.43,16.0,550.0,8800.0,64.0,35200.0,3922.5699999999997,https://mediatechcloud.com/index.php?name=665652060
676405830,AASRA-ONL,2025-01-06,01/2025JAN RA,C,6810.0,6810.0,32055.0,15.0,454.0,6810.0,64.0,29056.0,-2999.0,https://mediatechcloud.com/index.php?name=676405830
680110251,AASRA-ONL,2025-01-06,01/2025JAN RA,C,6810.0,8339.0,32055.0,15.0,454.0,6810.0,64.0,29056.0,-2999.0,https://mediatechcloud.com/index.php?name=680110251
682962311,AASRA-ONL,2024-05-06,01/2025JAN RA,C,7264.0,17786.0,67255.0,16.0,454.0,7264.0,64.0,29056.0,-38199.0,https://mediatechcloud.com/index.php?name=682962311
682962311,AASRA,2024-05-06,01/2025JAN RA,X,7264.0,17786.0,67255.0,16.0,550.0,8800.0,64.0,35200.0,-32055.0,https://mediatechcloud.com/index.php?name=682962311
683963803,AASRA,2025-01-06,01/2025JAN RA,C,8250.0,8250.0,8250.0,15.0,550.0,8250.0,64.0,35200.0,26950.0,https://mediatechcloud.com/index.php?name=683963803
683963803,AASRA,2024-01-08,01/2025JAN RA,X,8250.0,8250.0,35201.0,15.0,550.0,8250.0,64.0,35200.0,-1.0,https://mediatechcloud.com/index.php?name=683963803
687286078,AASDF_ONL,2025-01-06,01/2025JAN RA,C,7264.0,9004.0,34055.0,16.0,454.0,7264.0,64.0,29056.0,-4999.0,https://mediatechcloud.com/index.php?name=687286078
687959496,AASRA,2024-08-26,01/2025JAN RA,C,8800.0,0.0,35200.0,16.0,550.0,8800.0,64.0,35200.0,0.0,https://mediatechcloud.com/index.php?name=687959496
698042786,AASRA,2024-01-08,01/2025JAN RA,C,8800.0,2227.0,35200.0,16.0,550.0,8800.0,64.0,35200.0,0.0,https://mediatechcloud.com/index.php?name=698042786
704128357,AASRA,2025-01-06,01/2025JAN RA,C,8800.0,9014.0,35200.0,16.0,550.0,8800.0,64.0,35200.0,0.0,https://mediatechcloud.com/index.php?name=704128357
706763461,AASRA,2020-08-31,01/2025JAN RA,X,No Tuition,0.0,54010.0,0.0,550.0,0.0,64.0,35200.0,-18810.0,https://mediatechcloud.com/index.php?name=706763461
707970738,AASDF,2025-01-06,01/2025JAN RA,C,8800.0,18700.0,26950.0,19.0,550.0,10450.0,64.0,35200.0,8250.0,https://mediatechcloud.com/index.php?name=707970738
723303516,AASRA,2024-08-26,01/2025JAN RA,C,8800.0,8800.0,35199.6,16.0,550.0,8800.0,64.0,35200.0,0.4000000000014552,https://mediatechcloud.com/index.php?name=723303516
727966305,AASRA,2025-01-06,01/2025JAN RA,C,8800.0,8800.0,35200.0,16.0,550.0,8800.0,64.0,35200.0,0.0,https://mediatechcloud.com/index.php?name=727966305
730593670,AASRA,2024-05-06,01/2025JAN RA,C,5500.0,7399.0,25544.97,10.0,550.0,5500.0,64.0,35200.0,9655.029999999999,https://mediatechcloud.com/index.php?name=730593670
738956785,AASDF,2024-08-26,01/2025JAN RA,C,8800.0,8399.0,35200.0,16.0,550.0,8800.0,64.0,35200.0,0.0,https://mediatechcloud.com/index.php?name=738956785
746405747,AASRA,2025-01-06,01/2025JAN RA,C,8250.0,8895.0,8895.0,15.0,550.0,8250.0,64.0,35200.0,26305.0,https://mediatechcloud.com/index.php?name=746405747
746405747,AASRA,2024-01-08,01/2025JAN RA,X,8250.0,8895.0,34709.21,15.0,550.0,8250.0,64.0,35200.0,490.7900000000009,https://mediatechcloud.com/index.php?name=746405747
762799885,AASRA,2025-01-06,01/2025JAN RA,C,8250.0,8250.0,8250.0,15.0,550.0,8250.0,64.0,35200.0,26950.0,https://mediatechcloud.com/index.php?name=762799885
762799885,AASRA,2024-01-08,01/2025JAN RA,X,8250.0,8250.0,35200.0,15.0,550.0,8250.0,64.0,35200.0,0.0,https://mediatechcloud.com/index.php?name=762799885
766060950,AASDF,2024-08-26,01/2025JAN RA,C,8800.0,8800.0,35200.0,16.0,550.0,8800.0,64.0,35200.0,0.0,https://mediatechcloud.com/index.php?name=766060950
778358712,AASDF_ONL,2024-05-06,01/2025JAN RA,C,7264.0,7264.0,35871.0,16.0,454.0,7264.0,64.0,29056.0,-6815.0,https://mediatechcloud.com/index.php?name=778358712
784973875,AASRA,2025-01-06,01/2025JAN RA,C,8250.0,0.0,0.0,15.0,550.0,8250.0,64.0,35200.0,35200.0,https://mediatechcloud.com/index.php?name=784973875
784973875,AASRA,2024-01-08,01/2025JAN RA,X,8250.0,0.0,26400.0,15.0,550.0,8250.0,64.0,35200.0,8800.0,https://mediatechcloud.com/index.php?name=784973875
788473035,AASRA,2024-01-08,01/2025JAN RA,C,5500.0,3300.0,35200.0,10.0,550.0,5500.0,64.0,35200.0,0.0,https://mediatechcloud.com/index.php?name=788473035
789085047,AASRA,2023-08-28,01/2025JAN RA,C,10450.0,8894.0,35240.89,19.0,550.0,10450.0,64.0,35200.0,-40.88999999999942,https://mediatechcloud.com/index.php?name=789085047
789567097,AASRA,2024-01-08,01/2025JAN RA,C,3850.0,9510.0,35200.0,7.0,550.0,3850.0,64.0,35200.0,0.0,https://mediatechcloud.com/index.php?name=789567097
792741650,AASDF_ONL,2024-08-26,01/2025JAN RA,C,7264.0,8399.0,34055.0,16.0,454.0,7264.0,64.0,29056.0,-4999.0,https://mediatechcloud.com/index.php?name=792741650
793599800,AASRA,2025-01-06,01/2025JAN RA,C,8250.0,0.0,0.0,15.0,550.0,8250.0,64.0,35200.0,35200.0,https://mediatechcloud.com/index.php?name=793599800
793599800,AASRA,2024-01-08,01/2025JAN RA,X,8250.0,0.0,28517.0,15.0,550.0,8250.0,64.0,35200.0,6683.0,https://mediatechcloud.com/index.php?name=793599800
800492277,AASRA-ONL,2025-01-06,01/2025JAN RA,C,4086.0,15600.0,32055.0,9.0,454.0,4086.0,64.0,29056.0,-2999.0,https://mediatechcloud.com/index.php?name=800492277
827178789,AASRA,2024-08-26,01/2025JAN RA,C,8800.0,12498.0,35200.0,16.0,550.0,8800.0,64.0,35200.0,0.0,https://mediatechcloud.com/index.php?name=827178789
836549272,AASRA,2024-05-06,01/2025JAN RA,C,8800.0,8893.0,35201.0,16.0,550.0,8800.0,64.0,35200.0,-1.0,https://mediatechcloud.com/index.php?name=836549272
841843936,AASRA,2020-01-13,01/2025JAN RA,X,No Tuition,0.0,37053.0,0.0,550.0,0.0,64.0,35200.0,-1853.0,https://mediatechcloud.com/index.php?name=841843936
843410720,AASRA,2024-08-26,01/2025JAN RA,C,8800.0,4701.0,35202.0,16.0,550.0,8800.0,64.0,35200.0,-2.0,https://mediatechcloud.com/index.php?name=843410720
844876763,AASRA-ONL,2025-01-06,01/2025JAN RA,C,6810.0,8398.0,32055.0,15.0,454.0,6810.0,64.0,29056.0,-2999.0,https://mediatechcloud.com/index.php?name=844876763
855115276,AASRA,2025-01-06,01/2025JAN RA,C,8250.0,0.0,0.0,15.0,550.0,8250.0,64.0,35200.0,35200.0,https://mediatechcloud.com/index.php?name=855115276
855115276,AASRA,2024-01-08,01/2025JAN RA,X,8250.0,0.0,26654.28,15.0,550.0,8250.0,64.0,35200.0,8545.720000000001,https://mediatechcloud.com/index.php?name=855115276
868276372,AASRA,2025-01-06,01/2025JAN RA,C,8800.0,0.0,0.0,16.0,550.0,8800.0,64.0,35200.0,35200.0,https://mediatechcloud.com/index.php?name=868276372
874090883,AASRA,2025-01-06,01/2025JAN RA,C,5500.0,6666.0,6666.0,10.0,550.0,5500.0,64.0,35200.0,28534.0,https://mediatechcloud.com/index.php?name=874090883
875003980,AASRA,2024-08-26,01/2025JAN RA,C,8800.0,3216.0,20815.0,16.0,550.0,8800.0,64.0,35200.0,14385.0,https://mediatechcloud.com/index.php?name=875003980
882531040,AASRA,2025-01-06,01/2025JAN RA,C,8800.0,6753.0,33489.0,16.0,550.0,8800.0,64.0,35200.0,1711.0,https://mediatechcloud.com/index.php?name=882531040
882674254,AASRA,2024-01-08,01/2025JAN RA,C,8800.0,9350.0,35200.0,16.0,550.0,8800.0,64.0,35200.0,0.0,https://mediatechcloud.com/index.php?name=882674254
888485120,BPD_ONL,2025-01-06,01/2025JAN RA,C,7392.0,9832.0,27388.0,16.0,462.0,7392.0,54.0,24948.0,-2440.0,https://mediatechcloud.com/index.php?name=888485120
893888576,AASDF_ONL,2024-08-26,01/2025JAN RA,C,7264.0,8399.0,34055.0,16.0,454.0,7264.0,64.0,29056.0,-4999.0,https://mediatechcloud.com/index.php?name=893888576
895124671,AASRA-ONL,2024-05-06,01/2025JAN RA,C,8626.0,8893.0,33417.0,19.0,454.0,8626.0,64.0,29056.0,-4361.0,https://mediatechcloud.com/index.php?name=895124671
897783119,AASRA,2025-01-06,01/2025JAN RA,C,8250.0,8250.0,8250.0,15.0,550.0,8250.0,64.0,35200.0,26950.0,https://mediatechcloud.com/index.php?name=897783119
897783119,AASRA,2024-01-08,01/2025JAN RA,X,8250.0,8250.0,35200.0,15.0,550.0,8250.0,64.0,35200.0,0.0,https://mediatechcloud.com/index.php?name=897783119
904797670,AASRA-ONL,2025-01-06,01/2025JAN RA,C,6810.0,8398.0,32055.0,15.0,454.0,6810.0,64.0,29056.0,-2999.0,https://mediatechcloud.com/index.php?name=904797670
906394866,AASDF,2024-05-06,01/2025JAN RA,C,No Tuition,3698.0,34625.07,16.0,550.0,8800.0,64.0,35200.0,574.9300000000003,https://mediatechcloud.com/index.php?name=906394866
909406763,DFVP,2024-01-08,01/2025JAN RA,C,10450.0,12100.61,29699.0,19.0,550.0,10450.0,54.0,29700.0,1.0,https://mediatechcloud.com/index.php?name=909406763
920307865,AASRA,2025-01-06,01/2025JAN RA,C,8800.0,9014.0,35200.0,16.0,550.0,8800.0,64.0,35200.0,0.0,https://mediatechcloud.com/index.php?name=920307865
925366672,AASDF,2024-08-26,01/2025JAN RA,C,8800.0,8399.0,35200.0,16.0,550.0,8800.0,64.0,35200.0,0.0,https://mediatechcloud.com/index.php?name=925366672
926046104,AASDF,2024-05-06,01/2025JAN RA,C,8800.0,17600.0,35200.0,16.0,550.0,8800.0,64.0,35200.0,0.0,https://mediatechcloud.com/index.php?name=926046104
929431491,AASDF,2024-08-26,01/2025JAN RA,C,8800.0,2721.0,35198.0,16.0,550.0,8800.0,64.0,35200.0,2.0,https://mediatechcloud.com/index.php?name=929431491
929904591,AASDF_ONL,2025-01-06,01/2025JAN RA,C,5448.0,10899.0,34057.0,12.0,454.0,5448.0,64.0,29056.0,-5001.0,https://mediatechcloud.com/index.php?name=929904591
930845125,RA_ONL,2024-08-26,01/2025JAN RA,C,4540.0,5803.0,21284.0,10.0,454.0,4540.0,54.0,24516.0,3232.0,https://mediatechcloud.com/index.php?name=930845125
930845125,RA15,2023-05-08,01/2025JAN RA,X,4540.0,5803.0,54714.0,10.0,550.0,5500.0,54.0,29700.0,-25014.0,https://mediatechcloud.com/index.php?name=930845125
934316415,AASRA,2024-08-26,01/2025JAN RA,C,8800.0,8399.0,34707.21,16.0,550.0,8800.0,64.0,35200.0,492.7900000000009,https://mediatechcloud.com/index.php?name=934316415
934883414,AASRA,2024-01-08,01/2025JAN RA,C,8250.0,9087.44,44000.0,15.0,550.0,8250.0,64.0,35200.0,-8800.0,https://mediatechcloud.com/index.php?name=934883414
935699129,AASRA,2025-01-06,01/2025JAN RA,C,8250.0,0.0,0.0,15.0,550.0,8250.0,64.0,35200.0,35200.0,https://mediatechcloud.com/index.php?name=935699129
935699129,AASRA,2024-01-08,01/2025JAN RA,X,8250.0,0.0,40022.54,15.0,550.0,8250.0,64.0,35200.0,-4822.540000000001,https://mediatechcloud.com/index.php?name=935699129
949904719,AASDF_ONL,2024-05-06,01/2025JAN RA,C,No Tuition,0.0,34055.0,15.0,454.0,6810.0,64.0,29056.0,-4999.0,https://mediatechcloud.com/index.php?name=949904719
953140363,AASRA,2024-01-08,01/2025JAN RA,C,8800.0,8893.0,35200.0,16.0,550.0,8800.0,64.0,35200.0,0.0,https://mediatechcloud.com/index.php?name=953140363
954565848,AASDF,2024-05-06,01/2025JAN RA,C,8800.0,8893.0,35200.0,16.0,550.0,8800.0,64.0,35200.0,0.0,https://mediatechcloud.com/index.php?name=954565848
971107974,AASRA,2025-01-06,01/2025JAN RA,C,8800.0,8800.0,35200.0,19.0,550.0,10450.0,64.0,35200.0,0.0,https://mediatechcloud.com/index.php?name=971107974
975503568,AASRA,2025-01-06,01/2025JAN RA,C,8800.0,9014.0,35200.0,16.0,550.0,8800.0,64.0,35200.0,0.0,https://mediatechcloud.com/index.php?name=975503568
978455030,AASDF_ONL,2024-01-08,01/2025JAN RA,C,7264.0,8894.0,38749.0,16.0,454.0,7264.0,64.0,29056.0,-9693.0,https://mediatechcloud.com/index.php?name=978455030
978455030,AASDF,2024-01-08,01/2025JAN RA,X,7264.0,8894.0,38749.0,16.0,550.0,8800.0,64.0,35200.0,-3549.0,https://mediatechcloud.com/index.php?name=978455030
982207719,RA_ONL,2024-05-06,01/2025JAN RA,C,5448.0,1605.0,28439.0,12.0,454.0,5448.0,54.0,24516.0,-3923.0,https://mediatechcloud.com/index.php?name=982207719
982207719,RA15,2024-05-06,01/2025JAN RA,X,5448.0,1605.0,28439.0,12.0,550.0,6600.0,54.0,29700.0,1261.0,https://mediatechcloud.com/index.php?name=982207719
987067877,AASRA,2024-05-06,01/2025JAN RA,C,8800.0,8800.0,35200.0,16.0,550.0,8800.0,64.0,35200.0,0.0,https://mediatechcloud.com/index.php?name=987067877
